proposal,variant,group_or_level,increase_rate,current_tuition,estimated_tuition,adjusted_tuition,average_income,ability_to_pay,maximum_willingness_to_pay,exceeds_ability_to_pay,intercept_initial,intercept_adjusted,income_coefficient,source_sheet
1,percentage_increase,1,0.01,204000,206040,,2346168.1875,234616.81875,204000,No,,,,Hoja1
1,percentage_increase,1,0.02,204000,208080,,2346168.1875,234616.81875,204000,No,,,,Hoja1
1,percentage_increase,1,0.03,204000,210120,,2346168.1875,234616.81875,204000,No,,,,Hoja1
1,percentage_increase,1,0.04,204000,212160,,2346168.1875,234616.81875,204000,No,,,,Hoja1
1,percentage_increase,2,0.01,245000,247450,,2077898.8,278842.8750448029,245000,No,,,,Hoja1
1,percentage_increase,2,0.02,245000,249900,,2077898.8,278842.8750448029,245000,No,,,,Hoja1
1,percentage_increase,2,0.03,245000,252350,,2077898.8,278842.8750448029,245000,No,,,,Hoja1
1,percentage_increase,2,0.04,245000,254800,,2077898.8,278842.8750448029,245000,No,,,,Hoja1
1,percentage_increase,3,0.01,268000,270680,,2629829.033333333,323068.93133960577,288000,No,,,,Hoja1
1,percentage_increase,3,0.02,268000,273360,,2629829.033333333,323068.93133960577,288000,No,,,,Hoja1
1,percentage_increase,3,0.03,268000,276040,,2629829.033333333,323068.93133960577,288000,No,,,,Hoja1
1,percentage_increase,3,0.04,268000,278720,,2629829.033333333,323068.93133960577,288000,No,,,,Hoja1
1,percentage_increase,4,0.01,330000,333300,,3672949.876344086,367294.98763440864,330000,No,,,,Hoja1
1,percentage_increase,4,0.02,330000,336600,,3672949.876344086,367294.98763440864,330000,No,,,,Hoja1
1,percentage_increase,4,0.03,330000,339900,,3672949.876344086,367294.98763440864,330000,No,,,,Hoja1
1,percentage_increase,4,0.04,330000,343200,,3672949.876344086,367294.98763440864,330000,No,,,,Hoja1
1,percentage_increase,5,0.01,393000,396930,,4983190.2,498319.02,413000,No,,,,Hoja1
1,percentage_increase,5,0.02,393000,400860,,4983190.2,498319.02,413000,No,,,,Hoja1
1,percentage_increase,5,0.03,393000,404790,,4983190.2,498319.02,413000,No,,,,Hoja1
1,percentage_increase,5,0.04,393000,408720,,4983190.2,498319.02,413000,No,,,,Hoja1
1,percentage_increase,6,0.01,476000,480760,,8558188.666666666,855818.8666666667,506000,No,,,,Hoja1
1,percentage_increase,6,0.02,476000,485520,,8558188.666666666,855818.8666666667,506000,No,,,,Hoja1
1,percentage_increase,6,0.03,476000,490280,,8558188.666666666,855818.8666666667,506000,No,,,,Hoja1
1,percentage_increase,6,0.04,476000,495040,,8558188.666666666,855818.8666666667,506000,No,,,,Hoja1
1,percentage_increase,7,0.01,318000,321180,,n.d,n.d,n.d,n.d,,,,Hoja1
1,percentage_increase,7,0.02,318000,324360,,n.d,n.d,n.d,n.d,,,,Hoja1
1,percentage_increase,7,0.03,318000,327540,,n.d,n.d,n.d,n.d,,,,Hoja1
1,percentage_increase,7,0.04,318000,330720,,n.d,n.d,n.d,n.d,,,,Hoja1
1,percentage_increase,8,0.01,342000,345420,,n.d,n.d,n.d,n.d,,,,Hoja1
1,percentage_increase,8,0.02,342000,348840,,n.d,n.d,n.d,n.d,,,,Hoja1
1,percentage_increase,8,0.03,342000,352260,,n.d,n.d,n.d,n.d,,,,Hoja1
1,percentage_increase,8,0.04,342000,355680,,n.d,n.d,n.d,n.d,,,,Hoja1
1,percentage_increase_high,1,0.05,204000,214200,,2346168.1875,234616.81875,204000,No,,,,Hoja1
1,percentage_increase_high,1,0.07,204000,218280,,2346168.1875,234616.81875,204000,No,,,,Hoja1
1,percentage_increase_high,1,0.085,204000,221340,,2346168.1875,234616.81875,204000,No,,,,Hoja1
1,percentage_increase_high,1,0.1,204000,224400,,2346168.1875,234616.81875,204000,No,,,,Hoja1
1,percentage_increase_high,2,0.05,245000,257250,,2077898.8,278842.8750448029,245000,No,,,,Hoja1
1,percentage_increase_high,2,0.07,245000,262150,,2077898.8,278842.8750448029,245000,No,,,,Hoja1
1,percentage_increase_high,2,0.085,245000,265825,,2077898.8,278842.8750448029,245000,No,,,,Hoja1
1,percentage_increase_high,2,0.1,245000,269500,,2077898.8,278842.8750448029,245000,No,,,,Hoja1
1,percentage_increase_high,3,0.05,268000,281400,,2629829.033333333,323068.93133960577,288000,No,,,,Hoja1
1,percentage_increase_high,3,0.07,268000,286760,,2629829.033333333,323068.93133960577,288000,No,,,,Hoja1
1,percentage_increase_high,3,0.085,268000,290780,,2629829.033333333,323068.93133960577,288000,No,,,,Hoja1
1,percentage_increase_high,3,0.1,268000,294800,,2629829.033333333,323068.93133960577,288000,No,,,,Hoja1
1,percentage_increase_high,4,0.05,330000,346500,,3672949.876344086,367294.98763440864,330000,No,,,,Hoja1
1,percentage_increase_high,4,0.07,330000,353100,,3672949.876344086,367294.98763440864,330000,No,,,,Hoja1
1,percentage_increase_high,4,0.085,330000,358050,,3672949.876344086,367294.98763440864,330000,No,,,,Hoja1
1,percentage_increase_high,4,0.1,330000,363000,,3672949.876344086,367294.98763440864,330000,No,,,,Hoja1
1,percentage_increase_high,5,0.05,393000,412650,,4983190.2,498319.02,413000,No,,,,Hoja1
1,percentage_increase_high,5,0.07,393000,420510,,4983190.2,498319.02,413000,No,,,,Hoja1
1,percentage_increase_high,5,0.085,393000,426405,,4983190.2,498319.02,413000,No,,,,Hoja1
1,percentage_increase_high,5,0.1,393000,432300,,4983190.2,498319.02,413000,No,,,,Hoja1
1,percentage_increase_high,6,0.05,476000,499800,,8558188.666666666,855818.8666666667,506000,No,,,,Hoja1
1,percentage_increase_high,6,0.07,476000,509320,,8558188.666666666,855818.8666666667,506000,No,,,,Hoja1
1,percentage_increase_high,6,0.085,476000,516460,,8558188.666666666,855818.8666666667,506000,No,,,,Hoja1
1,percentage_increase_high,6,0.1,476000,523600,,8558188.666666666,855818.8666666667,506000,No,,,,Hoja1
1,percentage_increase_high,7,0.05,318000,333900,,n.d,n.d,n.d,n.d,,,,Hoja1
1,percentage_increase_high,7,0.07,318000,340260,,n.d,n.d,n.d,n.d,,,,Hoja1
1,percentage_increase_high,7,0.085,318000,345030,,n.d,n.d,n.d,n.d,,,,Hoja1
1,percentage_increase_high,7,0.1,318000,349800,,n.d,n.d,n.d,n.d,,,,Hoja1
1,percentage_increase_high,8,0.05,342000,359100,,n.d,n.d,n.d,n.d,,,,Hoja1
1,percentage_increase_high,8,0.07,342000,365940,,n.d,n.d,n.d,n.d,,,,Hoja1
1,percentage_increase_high,8,0.085,342000,371070,,n.d,n.d,n.d,n.d,,,,Hoja1
1,percentage_increase_high,8,0.1,342000,376200,,n.d,n.d,n.d,n.d,,,,Hoja1
2,willingness_to_pay,1,,204000,204000,,2346168.1875,234616.81875,204000,No,,,,Hoja2
2,willingness_to_pay,2,,245000,245000,,2077898.8,278842.8750448029,245000,No,,,,Hoja2
2,willingness_to_pay,3,,268000,288000,,2629829.033333333,323068.93133960577,288000,No,,,,Hoja2
2,willingness_to_pay,4,,330000,330000,,3672949.876344086,367294.98763440864,350500,No,,,,Hoja2
2,willingness_to_pay,5,,393000,413000,,4983190.2,498319.02,413000,No,,,,Hoja2
2,willingness_to_pay,6,,476000,506000,,8558188.666666666,855818.8666666667,506000,No,,,,Hoja2
3,absolute_increase,1,,204000,204000,,878640.0333333333,234616.81875,204000,No,,,,Hoja3
3,absolute_increase,2,,245000,250000,,1806263.6875,278842.8750448029,245000,No,,,,Hoja3
3,absolute_increase,3,,268000,280000,,2461639.84375,323068.93133960577,288000,No,,,,Hoja3
3,absolute_increase,4,,330000,345000,,2996445.75,367294.98763440864,350500,No,,,,Hoja3
3,absolute_increase,5,,393000,410500,,3937684.4375,498319.02,413000,No,,,,Hoja3
3,absolute_increase,6,,476000,496000,,6296198.370370369,855818.8666666667,506000,No,,,,Hoja3
4,percentage_adjusted,1,0,204000,204000,204000,,234616.81875,204000,No,,,,Hoja4
4,percentage_adjusted,2,0.02,245000,249900,249900,,278842.8750448029,245000,No,,,,Hoja4
4,percentage_adjusted,3,0.03,268000,276040,276040,,323068.93133960577,288000,No,,,,Hoja4
4,percentage_adjusted,4,0.04,330000,343200,343200,,367294.98763440864,350500,No,,,,Hoja4
4,percentage_adjusted,5,0.04,393000,408720,408720,,498319.02,413000,No,,,,Hoja4
4,percentage_adjusted,6,0.05,476000,499800,499800,,855818.8666666667,506000,No,,,,Hoja4
5,six_income_groups,1,,204000,177200.68760083333,204000,878640.0333333333,234616.81875,204000,No,135004,161803,0.048,Hoja5
5,six_income_groups,2,,245000,221749.81359218748,245000,1806263.6875,278842.8750448029,264400,No,135004,158254,0.048,Hoja5
5,six_income_groups,3,,268000,253224.25349609373,323068.93133960577,2461639.84375,323068.93133960577,324800,No,135004,206580,0.048,Hoja5
5,six_income_groups,4,,330000,278908.30714375,367294.98763440864,2996445.75,367294.98763440864,385200,No,135004,241296,0.048,Hoja5
5,six_income_groups,5,,393000,324111.2951109375,445600,3937684.4375,498319.02,445600,No,135004,256493,0.048,Hoja5
5,six_income_groups,6,,476000,437378.92673703696,506000,6296198.370370369,855818.8666666667,506000,No,135004,203625,0.048,Hoja5
6,ten_income_groups,1,,,166553.43144166667,204000,656937.6666666666,204000,204000,No,135004,172451,0.048,Hoja6
6,ten_income_groups,2,,,199709.897845,219709.897845,1347337.8,238049,237555.55555555556,No,135004,155004,0.048,Hoja6
6,ten_income_groups,3,,,223872.120585,245872.120585,1850455.4,272098,271111.1111111111,No,135004,157004,0.048,Hoja6
6,ten_income_groups,4,,,245299.27155,273799.27155,2296622,306147,304666.6666666667,No,135004,163504,0.048,Hoja6
6,ten_income_groups,5,,,259949.41546125,288949.41546125,2601674.45,340196,338222.22222222225,No,135004,164004,0.048,Hoja6
6,ten_income_groups,6,,,276330.1978775,306330.1978775,2942763.1,374245,371777.7777777778,No,135004,165004,0.048,Hoja6
6,ten_income_groups,7,,,300936.86798,334436.86798,3455135.2,408294,405333.3333333334,No,135004,168504,0.048,Hoja6
6,ten_income_groups,8,,,334595.04275375,369095.04275375,4155982.15,457237,438888.88888888893,No,135004,169504,0.048,Hoja6
6,ten_income_groups,9,,,378096.71528041665,413096.71528041665,5061795.216666667,506179.5216666667,472444.4444444445,No,135004,170004,0.048,Hoja6
6,ten_income_groups,10,,,511481.6910578125,506000,7839202.3125,783920.2312500001,506000,No,135004,129522,0.048,Hoja6
7,proportional_increase,1,0.025,204000,209100,209100,,234616.81875,204000,No,,,,Hoja7
7,proportional_increase,2,0.025,245000,251125,251125,,278842.8750448029,245000,No,,,,Hoja7
7,proportional_increase,3,0.025,268000,274700,274700,,323068.93133960577,288000,No,,,,Hoja7
7,proportional_increase,4,0.025,330000,338250,338250,,367294.98763440864,350500,No,,,,Hoja7
7,proportional_increase,5,0.05089058524173028,393000,413000,413000,,498319.02,413000,No,,,,Hoja7
7,proportional_increase,6,0.06302521008403361,476000,506000,506000,,855818.8666666667,506000,No,,,,Hoja7
